sent_id,group_id,item_in_set,category,phenomenon,subtype,paradigm,condition,tense,negation,matrix_subj_category,matrix_subj,matrix_type,matrix_verb,embedded_type,complementizer,preposition,grammaticality,sentence,notes
1,GRP001,sent1,syntax,CP + Q,,single_sentence,critical,present,no,third_person,John,declarative,think,declarative,that,NA,grammatical,John thinks that it is raining.,
2,GRP001,sent2,syntax,CP + Q,,single_sentence,critical,present,no,third_person,John,declarative,think,interrogative,whether,NA,ungrammatical,John thinks whether it is raining.,
3,GRP001,sent3,syntax,CP + Q,,single_sentence,critical,present,no,third_person,John,declarative,know,declarative,that,NA,grammatical,John knows that it is raining.,
4,GRP001,sent4,syntax,CP + Q,,single_sentence,critical,present,no,third_person,John,declarative,know,interrogative,whether,NA,grammatical,John knows whether it is raining.,
5,GRP001,sent5,syntax,CP + Q,,single_sentence,control,present,no,third_person,John,declarative,wonder,declarative,that,NA,ungrammatical,John wonders that it is raining.,to make sure that it's not an overall perference for declarative CP
6,GRP001,sent6,syntax,CP + Q,,single_sentence,control,present,no,third_person,John,declarative,wonder,interrogative,whether,NA,grammatical,John wonders whether it is raining.,
7,GRP002,sent1,syntax,NP complement,NP vs CP copula deletion,single_sentence,critical,present,no,third_person,John,declarative,think,declarative,none,NA,grammatical,John thinks the rumor is about Mary.,
8,GRP002,sent2,syntax,NP complement,NP vs CP copula deletion,single_sentence,critical,present,no,third_person,John,declarative,think,NP,NA,about,ungrammatical,John thinks the rumor about Mary.,
9,GRP002,sent3,syntax,NP complement,NP vs CP copula deletion,single_sentence,critical,present,no,third_person,John,declarative,know,declarative,none,NA,grammatical,John knows the rumor is about Mary.,
10,GRP002,sent4,syntax,NP complement,NP vs CP copula deletion,single_sentence,critical,present,no,third_person,John,declarative,know,NP,NA,about,grammatical,John knows the rumor about Mary.,
11,GRP002,sent5,syntax,NP complement,NP vs CP copula deletion,single_sentence,control,present,no,third_person,John,declarative,start,declarative,none,NA,ungrammatical,John starts the rumor is about Mary.,
12,GRP002,sent6,syntax,NP complement,NP vs CP copula deletion,single_sentence,control,present,no,third_person,John,declarative,start,NP,NA,about,grammatical,John starts the rumor about Mary.,
13,GRP003,sent1,syntax,NP complement,NP vs. new sentence,single_sentence,critical,present,no,third_person,John,declarative,think,declarative,none,NA,grammatical,John thinks the rumor is false.,
14,GRP003,sent2,syntax,NP complement,NP vs. new sentence,single_sentence,critical,present,no,third_person,John,declarative,think,NP,NA,NA,ungrammatical,John thinks the rumor. It is false.,
15,GRP003,sent3,syntax,NP complement,NP vs. new sentence,single_sentence,critical,present,no,third_person,John,declarative,know,declarative,none,NA,grammatical,John knows the rumor is false.,
16,GRP003,sent4,syntax,NP complement,NP vs. new sentence,single_sentence,critical,present,no,third_person,John,declarative,know,NP,NA,NA,grammatical,John knows the rumor. It is false.,
17,GRP003,sent5,syntax,NP complement,NP vs. new sentence,single_sentence,control,present,no,third_person,John,declarative,start,declarative,none,NA,ungrammatical,John starts the rumor is false.,
18,GRP003,sent6,syntax,NP complement,NP vs. new sentence,single_sentence,control,present,no,third_person,John,declarative,start,NP,NA,NA,grammatical,John starts the rumor. It is false.,
19,GRP004,sent1,syntax,NP complement,NP vs. PP,single_sentence,critical,present,no,third_person,John,declarative,think,PP,NA,about,grammatical,John thinks about the rumor.,
20,GRP004,sent2,syntax,NP complement,NP vs. PP,single_sentence,critical,present,no,third_person,John,declarative,think,NP,NA,NA,ungrammatical,John thinks the rumor.,
21,GRP004,sent3,syntax,NP complement,NP vs. PP,single_sentence,critical,present,no,third_person,John,declarative,know,PP,NA,about,grammatical,John knows about the rumor.,
22,GRP004,sent4,syntax,NP complement,NP vs. PP,single_sentence,critical,present,no,third_person,John,declarative,know,NP,NA,NA,grammatical,John knows the rumor.,
23,GRP004,sent5,syntax,NP complement,NP vs. PP,single_sentence,control,present,no,third_person,John,declarative,start,PP,NA,about,ungrammatical,John starts about the rumor.,
24,GRP004,sent6,syntax,NP complement,NP vs. PP,single_sentence,control,present,no,third_person,John,declarative,start,NP,NA,NA,grammatical,John starts the rumor.,
25,GRP005,sent1,syntax,Factive island,,single_sentence,critical,present,no,third_person,John,wh_question,know,declarative,none,NA,ungrammatical,Where does John know the keys are?,
26,GRP005,sent2,syntax,Factive island,,single_sentence,critical,present,no,third_person,John,wh_question,think,declarative,none,NA,grammatical,Where does John think the keys are?,
27,GRP005,sent3,syntax,Factive island,,single_sentence,critical,present,no,third_person,John,polar_question,know,interrogative,wh-phrase,NA,grammatical,Does John know where the keys are?,
28,GRP005,sent4,syntax,Factive island,,single_sentence,critical,present,no,third_person,John,polar_question,think,interrogative,wh-phrase,NA,ungrammatical,Does John think where the keys are?,
29,GRP006,sent1,syntax,Ellipsis,Standalone,single_sentence,critical,present,no,first_person,I,declarative,think,so,NA,NA,grammatical,I think so.,
30,GRP006,sent2,syntax,Ellipsis,Standalone,single_sentence,critical,present,no,first_person,I,declarative,think,none,NA,NA,ungrammatical,I think.,
31,GRP006,sent3,syntax,Ellipsis,Standalone,single_sentence,critical,present,no,first_person,I,declarative,know,none,NA,NA,grammatical,I know.,
32,GRP006,sent4,syntax,Ellipsis,Standalone,single_sentence,critical,present,no,first_person,I,declarative,know,so,NA,NA,ungrammatical,I know so.,
33,GRP006,sent5,,Ellipsis,Standalone,single_sentence,control,present,no,first_person,I,declarative,guess,none,NA,NA,grammatical,I guess.,
34,GRP006,sent6,,Ellipsis,Standalone,single_sentence,control,present,no,first_person,I,declarative,guess,so,NA,NA,grammatical,I guess so.,
35,GRP007,sent1,,Ellipsis,Response to polar Q,mini-discourse,critical,present,no,first_person,I,declarative,think,so,NA,NA,grammatical,A: Is it raining outside? B: I think so.,
36,GRP007,sent2,,Ellipsis,Response to polar Q,mini-discourse,critical,present,no,first_person,I,declarative,know,none,NA,NA,ungrammatical,A: Is it raining outside? B: I know.,
37,GRP007,sent3,,Ellipsis,Response to polar Q,mini-discourse,control,present,no,first_person,I,declarative,guess,none,NA,NA,grammatical,A: Is it raining outside? B: I guess.,
38,GRP007,sent4,,Ellipsis,Response to polar Q,mini-discourse,critical,present,yes,first_person,I,declarative,think,so,NA,NA,grammatical,A: Is it raining outside? B: I don’t think so.,
39,GRP007,sent5,,Ellipsis,Response to polar Q,mini-discourse,critical,present,yes,first_person,I,declarative,know,none,NA,NA,grammatical,A: Is it raining outside? B: I don’t know.,
40,GRP007,sent6,,Ellipsis,Response to polar Q,mini-discourse,control,present,yes,first_person,I,declarative,guess,so,NA,NA,ungrammatical,A: Is it raining outside? B: I don’t guess so.,
41,GRP008,sent1,,Ellipsis,Response to wh Q,mini-discourse,critical,present,no,first_person,I,declarative,think,so,NA,NA,ungrammatical,A: Where are my keys? B: I think so.,
42,GRP008,sent2,,Ellipsis,Response to wh Q,mini-discourse,critical,present,no,first_person,I,declarative,know,none,NA,NA,ungrammatical,A: Where are my keys? B: I know.,
43,GRP008,sent3,,Ellipsis,Response to wh Q,mini-discourse,critical,present,yes,first_person,I,declarative,think,so,NA,NA,ungrammatical,A: Where are my keys? B: I don’t think so.,
44,GRP008,sent4,,Ellipsis,Response to wh Q,mini-discourse,critical,present,yes,first_person,I,declarative,know,none,NA,NA,grammatical,A: Where are my keys? B: I don’t know.,
45,GRP009,sent1,,Ellipsis,Response to declarative,mini-discourse,critical,present,no,first_person,I,declarative,think,so,NA,NA,ungrammatical,A: It is raining. B: I think so.,
46,GRP009,sent2,,Ellipsis,Response to declarative,mini-discourse,critical,present,no,first_person,I,declarative,know,none,NA,NA,grammatical,A: It is raining. B: I know.,
47,GRP009,sent3,,Ellipsis,Response to declarative,mini-discourse,critical,present,yes,first_person,I,declarative,think,so,NA,NA,grammatical,A: It is raining. B: I don't think so.,
48,GRP009,sent4,,Ellipsis,Response to declarative,mini-discourse,critical,present,yes,first_person,I,declarative,know,none,NA,NA,ungrammatical,A: It is raining. B: I don't know.,
49,GRP010,sent1,both,Parenthetical,Slifting,single_sentence,critical,present,no,first_person,I,declarative,think,none,NA,NA,grammatical,"It's raining, I think.",
50,GRP010,sent2,both,Parenthetical,Slifting,single_sentence,critical,present,no,first_person,I,declarative,know,none,NA,NA,ungrammatical,"It's raining, I know.",
51,GRP010,,both,Parenthetical,Slifting,single_sentence,critical,present,no,second_person,you,declarative,think,none,NA,NA,ungrammatical,"It's raining, you think.",
52,GRP010,,both,Parenthetical,Slifting,single_sentence,critical,present,no,second_person,you,declarative,know,none,NA,NA,grammatical,"It's raining, you know.",
